productId,imageId,imageURL
1,1,/images/window-haworthia-1.jpg
1,2,/images/window-haworthia-2.jpg
1,3,/images/window-haworthia-3.jpg
1,4,/images/window-haworthia-4.jpg
1,5,/images/window-haworthia-5.jpg
2,6,/images/haworthia-cooperi-1.jpg
2,7,/images/haworthia-cooperi-2.jpg
2,8,/images/haworthia-cooperi-3.jpg
2,9,/images/haworthia-cooperi-4.jpg
2,10,/images/haworthia-cooperi-5.jpg
3,11,/images/haworthia-cuspidata-1.jpg
3,12,/images/haworthia-cuspidata-2.jpg
3,13,/images/haworthia-cuspidata-3.jpg
3,14,/images/haworthia-cuspidata-4.jpg
3,15,/images/haworthia-cuspidata-5.jpg
4,16,/images/haworthia-cymbiformios-var-obtusa-1.jpg
4,17,/images/haworthia-cymbiformios-var-obtusa-2.jpg
4,18,/images/haworthia-cymbiformios-var-obtusa-3.jpg
4,19,/images/haworthia-cymbiformios-var-obtusa-4.jpg
4,20,/images/haworthia-cymbiformios-var-obtusa-5.jpg
5,21,/images/haworthia-batesiana-1.jpg
5,22,/images/haworthia-batesiana-2.jpg
5,23,/images/haworthia-batesiana-3.jpg
5,24,/images/haworthia-batesiana-4.jpg
6,25,/images/silver-haworthia-1.jpg
6,26,/images/silver-haworthia-2.jpg
6,27,/images/silver-haworthia-3.jpg
6,28,/images/silver-haworthia-4.jpg
7,29,/images/variegated-aloe-1.jpg
7,30,/images/variegated-aloe-2.jpg
7,31,/images/variegated-aloe-3.jpg
7,32,/images/variegated-aloe-4.jpg
7,33,/images/variegated-aloe-5.jpg
8,34,/images/echeveria-tippy-pink-1.jpg
8,35,/images/echeveria-tippy-pink-2.jpg
8,36,/images/echeveria-tippy-pink-3.jpg
8,37,/images/echeveria-tippy-pink-4.jpg
9,38,/images/echeveria-topsy-turvy-1.jpg
9,39,/images/echeveria-topsy-turvy-2.jpg
9,40,/images/echeveria-topsy-turvy-3.jpg
9,41,/images/echeveria-topsy-turvy-4.jpg
9,42,/images/echeveria-topsy-turvy-5.jpg
10,43,/images/echeveria-black-knight-1.jpg
10,44,/images/echeveria-black-knight-2.jpg
10,45,/images/echeveria-black-knight-3.jpg
10,46,/images/echeveria-black-knight-4.jpg
11,47,/images/echeveria-sedeveria-blue-elf-1.jpg
11,48,/images/echeveria-sedeveria-blue-elf-2.jpg
11,49,/images/echeveria-sedeveria-blue-elf-3.jpg
11,50,/images/echeveria-sedeveria-blue-elf-4.jpg
12,51,/images/echeveria-crested-frosty-1.jpg
12,52,/images/echeveria-crested-frosty-2.jpg
12,53,/images/echeveria-crested-frosty-3.jpg
12,54,/images/echeveria-crested-frosty-4.jpg
12,55,/images/echeveria-crested-frosty-5.jpg
13,56,/images/cactus-pack-1.jpg
13,57,/images/cactus-pack-2.jpg
13,58,/images/cactus-pack-3.jpg
13,59,/images/cactus-pack-4.jpg
13,60,/images/cactus-pack-5.jpg
14,61,/images/opuntia-rufida-minima-1.jpg
14,62,/images/opuntia-rufida-minima-2.jpg
14,63,/images/opuntia-rufida-minima-3.jpg
14,64,/images/opuntia-rufida-minima-4.jpg
15,65,/images/mammillaria-spinosissima-1.jpg
15,66,/images/mammillaria-spinosissima-2.jpg
15,67,/images/mammillaria-spinosissima-3.jpg
16,68,/images/echinocereus-pulchellus-var-acanthosetus-1.jpg
16,69,/images/echinocereus-pulchellus-var-acanthosetus-2.jpg
16,70,/images/echinocereus-pulchellus-var-acanthosetus-3.jpg
16,71,/images/echinocereus-pulchellus-var-acanthosetus-4.jpg
17,72,/images/angel-wing-opuntia-microdasys-1.jpg
17,73,/images/angel-wing-opuntia-microdasys-2.jpg
17,74,/images/angel-wing-opuntia-microdasys-3.jpg
17,75,/images/angel-wing-opuntia-microdasys-4.jpg
17,76,/images/angel-wing-opuntia-microdasys-5.jpg
18,77,/images/mammillaria-thimble-1.jpg
18,78,/images/mammillaria-thimble-2.jpg
18,79,/images/mammillaria-thimble-3.jpg
18,80,/images/mammillaria-thimble-4.jpg
18,81,/images/mammillaria-thimble-5.jpg
19,82,/images/echinopsis-domino-1.jpg
20,82,/images/echinopsis-domino-2.jpg
21,82,/images/echinopsis-domino-3.jpg
20,83,/images/golden-barrel-1.jpg
20,84,/images/golden-barrel-2.jpg
20,85,/images/golden-barrel-3.jpg
20,86,/images/golden-barrel-4.jpg
20,87,/images/golden-barrel-5.jpg
21,88,/images/pine-cone-tephrocactus-1.jpg
21,89,/images/pine-cone-tephrocactus-2.jpg
21,90,/images/pine-cone-tephrocactus-3.jpg
21,91,/images/pine-cone-tephrocactus-4.jpg
21,92,/images/pine-cone-tephrocactus-5.jpg
22,93,/images/mammilaria-powder-puff-1.jpg
22,94,/images/mammilaria-powder-puff-2.jpg
22,95,/images/mammilaria-powder-puff-3.jpg
22,96,/images/mammilaria-powder-puff-4.jpg
22,97,/images/mammilaria-powder-puff-5.jpg
23,98,/images/red-thorn-1.jpg
23,99,/images/red-thorn-2.jpg
23,100,/images/red-thorn-3.jpg
24,101,/images/britton-and-rose-1.jpg
24,102,/images/britton-and-rose-2.jpg
24,103,/images/britton-and-rose-3.jpg
24,104,/images/britton-and-rose-4.jpg
25,105,/images/golden-ball-1.jpg
25,106,/images/golden-ball-2.jpg
25,107,/images/golden-ball-3.jpg
25,108,/images/golden-ball-4.jpg
25,109,/images/golden-ball-5.jpg
26,110,/images/christmas-cactus-1.jpg
26,111,/images/christmas-cactus-2.jpg
26,112,/images/christmas-cactus-3.jpg
26,113,/images/christmas-cactus-4.jpg
26,114,/images/christmas-cactus-5.jpg
27,115,/images/peanut-cactus-1.jpg
27,116,/images/peanut-cactus-2.jpg
27,117,/images/peanut-cactus-3.jpg
27,118,/images/peanut-cactus-4.jpg
27,119,/images/peanut-cactus-5.jpg
28,120,/images/peruvian-old-man-1.jpg
28,121,/images/peruvian-old-man-2.jpg
28,122,/images/peruvian-old-man-3.jpg
28,123,/images/peruvian-old-man-4.jpg
28,124,/images/peruvian-old-man-5.jpg
29,125,/images/lady-fingers-1.jpg
29,126,/images/lady-fingers-2.jpg
29,127,/images/lady-fingers-3.jpg
29,128,/images/lady-fingers-4.jpg
29,129,/images/lady-fingers-5.jpg
30,130,/images/mammillaria-albiflora-1.jpg
30,131,/images/mammillaria-albiflora-2.jpg
30,132,/images/mammillaria-albiflora-3.jpg
30,133,/images/mammillaria-albiflora-4.jpg
30,134,/images/mammillaria-albiflora-5.jpg
31,135,/images/variegated-corn-cob-1.jpg
31,136,/images/variegated-corn-cob-2.jpg
31,137,/images/variegated-corn-cob-3.jpg
31,138,/images/variegated-corn-cob-4.jpg
31,139,/images/variegated-corn-cob-5.jpg
32,140,/images/josephs-coat-1.jpg
32,141,/images/josephs-coat-2.jpg
32,142,/images/josephs-coat-3.jpg
32,143,/images/josephs-coat-4.jpg
32,144,/images/josephs-coat-5.jpg
33,145,/images/crassula-calico-kitten-1.jpg
33,146,/images/crassula-calico-kitten-2.jpg
33,147,/images/crassula-calico-kitten-3.jpg
33,148,/images/crassula-calico-kitten-4.jpg
33,149,/images/crassula-calico-kitten-5.jpg
34,150,/images/crassula-ivory-towers-1.jpg
34,151,/images/crassula-ivory-towers-1.jpg
34,152,/images/crassula-ivory-towers-1.jpg
34,153,/images/crassula-ivory-towers-1.jpg
35,154,/images/crassula-baby-necklace-1.jpg
35,155,/images/crassula-baby-necklace-2.jpg
35,156,/images/crassula-baby-necklace-3.jpg
35,157,/images/crassula-baby-necklace-4.jpg
35,158,/images/crassula-baby-necklace-5.jpg
36,159,/images/crassula-moonglow-1.jpg
36,160,/images/crassula-moonglow-2.jpg
36,161,/images/crassula-moonglow-3.jpg
36,162,/images/crassula-moonglow-4.jpg
36,163,/images/crassula-moonglow-5.jpg
37,164,/images/crassula-brevifolia-1.jpg
37,165,/images/crassula-brevifolia-1.jpg
37,166,/images/crassula-brevifolia-1.jpg
37,167,/images/crassula-brevifolia-1.jpg
37,168,/images/crassula-brevifolia-1.jpg
38,169,/images/crassula-morgan-hybrid-1.jpg
38,170,/images/crassula-morgan-hybrid-2.jpg
38,171,/images/crassula-morgan-hybrid-3.jpg
38,172,/images/crassula-morgan-hybrid-4.jpg
38,173,/images/crassula-morgan-hybrid-5.jpg
39,174,/images/crassula-springtime-1.jpg
39,175,/images/crassula-springtime-2.jpg
39,176,/images/crassula-springtime-3.jpg
39,177,/images/crassula-springtime-4.jpg
39,178,/images/crassula-springtime-5.jpg
40,179,/images/crassula-tom-thumb-1.jpg
40,180,/images/crassula-tom-thumb-2.jpg
40,181,/images/crassula-tom-thumb-3.jpg
40,182,/images/crassula-tom-thumb-4.jpg
40,183,/images/crassula-tom-thumb-5.jpg
41,184,/images/variegated-crassula-perforata-1.jpg
41,185,/images/variegated-crassula-perforata-2.jpg
41,186,/images/variegated-crassula-perforata-3.jpg
41,187,/images/variegated-crassula-perforata-4jpg
41,188,/images/variegated-crassula-perforata-5.jpg
42,189,/images/crassula-high-voltage-1.jpg
42,190,/images/crassula-high-voltage-2.jpg
42,191,/images/crassula-high-voltage-3.jpg
42,192,/images/crassula-high-voltage-4.jpg
42,193,/images/crassula-high-voltage-5.jpg
43,194,/images/crassula-mesembryanthemoides-1.jpg
43,195,/images/crassula-mesembryanthemoides-2.jpg
43,196,/images/crassula-mesembryanthemoides-3.jpg
44,197,/images/crassula-nudicaulus-var-herrei-1.jpg
44,198,/images/crassula-nudicaulus-var-herrei-2.jpg
44,199,/images/crassula-nudicaulus-var-herrei-3.jpg
44,200,/images/crassula-nudicaulus-var-herrei-4.jpg
44,201,/images/crassula-nudicaulus-var-herrei-5.jpg
45,202,/images/crassula-pagoda-village-1.jpg
45,203,/images/crassula-pagoda-village-2.jpg
45,204,/images/crassula-pagoda-village-3.jpg
45,205,/images/crassula-pagoda-village-4.jpg
45,206,/images/crassula-pagoda-village-5.jpg